Country,Iso code,Age group,age_in_days_midpoint,Admin-1 unit,units,N doses,clinical_cases_no_PMC,severe_cases_no_PMC,clinical_cases_with_PMC,severe_cases_with_PMC,clinical_cases_no_PMC_per1000,severe_cases_no_PMC_per1000,clinical_cases_with_PMC_per1000,severe_cases_with_PMC_per1000,clinical_cases_averted_with_PMC,severe_cases_averted_with_PMC,clinical_cases_averted_with_PMC_per1000,severe_cases_averted_with_PMC_per1000,clinical_cases_reduction,severe_cases_reduction,Scenario
Chad,TCD,0-6mo,91,Barh_el_Ghazel,raw cases,4,1359.49537175275,86.5248854488433,1147.69899992846,74.3155261152179,261.435338073794,16.6626278937005,220.89251133566,14.3248497310413,211.796371824286,12.2093593336254,40.5428267381342,2.33777816265917,15.5790432409655,14.1108067006272,PMC co-delivery with EPI only
Chad,TCD,6-12mo,273.5,Barh_el_Ghazel,raw cases,4,2339.09212799395,195.088879826983,2195.15672881805,183.50465375619,460.845829601546,38.4441440922402,432.393731157248,36.1542032087238,143.935399175893,11.5842260707928,28.452098444298,2.28994088351642,6.15347285612622,5.93792228499462,PMC co-delivery with EPI only
Chad,TCD,12-18mo,456,Barh_el_Ghazel,raw cases,4,2754.84774749303,192.566324881231,2754.84774749303,192.566324881231,556.514351547935,38.9017555467115,556.514351547935,38.9017555467115,0,0,0,0,0,0,PMC co-delivery with EPI only
Chad,TCD,18-24mo,638.5,Barh_el_Ghazel,raw cases,4,3031.29899384406,214.163943694342,3031.29899384406,214.163943694342,624.871880237485,44.124272652917,624.871880237485,44.124272652917,0,0,0,0,0,0,PMC co-delivery with EPI only
Chad,TCD,24-30mo,821,Barh_el_Ghazel,raw cases,4,3420.68752391044,205.278475318978,3420.68752391044,205.278475318978,693.140999859486,41.5778153791461,693.140999859486,41.5778153791461,0,0,0,0,0,0,PMC co-delivery with EPI only
Chad,TCD,0-6mo,91,Batha,raw cases,4,1722.87654783082,104.485563814104,1572.59797638735,97.0144599419649,209.346551343047,12.7377869824615,191.201655368794,11.8344195009577,150.27857144347,7.47110387213952,18.1448959742536,0.903367481503782,8.72253857263758,7.150369485905,PMC co-delivery with EPI only
Chad,TCD,6-12mo,273.5,Batha,raw cases,4,2687.19839469655,238.023690821106,2569.8050751704,225.675785205887,334.528257654292,29.6539891802823,319.8694387817,28.1125244398297,117.39331952615,12.3479056152182,14.6588188725919,1.5414647404526,4.36861378593547,5.18767924849073,PMC co-delivery with EPI only
Chad,TCD,12-18mo,456,Batha,raw cases,4,3308.74529244454,245.785019037402,3308.74529244454,245.785019037402,422.162145045135,31.3661614787052,422.162145045135,31.3661614787052,0,0,0,0,0,0,PMC co-delivery with EPI only
Chad,TCD,18-24mo,638.5,Batha,raw cases,4,3765.1427376577,279.788549754943,3765.1427376577,279.788549754943,490.244298460224,36.4215615838308,490.244298460224,36.4215615838308,0,0,0,0,0,0,PMC co-delivery with EPI only
Chad,TCD,24-30mo,821,Batha,raw cases,4,4010.80328310228,223.051410518269,4010.80328310228,223.051410518269,513.496313009885,28.5365268347347,513.496313009885,28.5365268347347,0,0,0,0,0,0,PMC co-delivery with EPI only
Chad,TCD,0-6mo,91,Borkou,raw cases,4,243.572526011975,13.1820537332031,223.527923451773,12.062790382304,78.3862600344343,4.24322773138473,71.9717816403782,3.88515958182839,20.0446025602023,1.11926335089919,6.41447839405615,0.358068149556339,8.22941851792301,8.49081162580887,PMC co-delivery with EPI only
Chad,TCD,6-12mo,273.5,Borkou,raw cases,4,351.688280294414,27.3781098131103,337.75812020084,25.8989371415315,115.947808031037,9.04276371314381,111.340037113312,8.55360353630486,13.9301600935739,1.47917267157889,4.60777091772503,0.489160176838949,3.96093952346445,5.40275673403344,PMC co-delivery with EPI only
Chad,TCD,12-18mo,456,Borkou,raw cases,4,429.597035799048,36.0387307286198,429.597035799048,36.0387307286198,145.183020352301,12.1778875544323,145.183020352301,12.1778875544323,0,0,0,0,0,0,PMC co-delivery with EPI only
Chad,TCD,18-24mo,638.5,Borkou,raw cases,4,466.107666911014,31.8502616267245,466.107666911014,31.8502616267245,160.908684245677,10.9963584665938,160.908684245677,10.9963584665938,0,0,0,0,0,0,PMC co-delivery with EPI only
Chad,TCD,24-30mo,821,Borkou,raw cases,4,528.997147767901,36.8702180290894,528.997147767901,36.8702180290894,179.42064987958,12.5102267748181,179.42064987958,12.5102267748181,0,0,0,0,0,0,PMC co-delivery with EPI only
Chad,TCD,0-6mo,91,Chari_Baguirmi,raw cases,4,2576.8729844937902,146.963129395422,2023.36552304129,116.508038235307,229.631908572588,13.0972808644675,180.557097171629,10.3954080051015,553.507461452507,30.455091160115,49.0748114009585,2.70187285936598,21.4798115694181,20.7229468271406,PMC co-delivery with EPI only
Chad,TCD,6-12mo,273.5,Chari_Baguirmi,raw cases,4,4254.92587634804,291.866069888911,3907.69772833488,268.498452629492,388.651813468495,26.6620766010044,356.83553348721,24.521475667682,347.228148013161,23.3676172594188,31.816279981285,2.1406009333224,8.16061567472435,8.0062808494022,PMC co-delivery with EPI only
Chad,TCD,12-18mo,456,Chari_Baguirmi,raw cases,4,5016.0952165405,382.528669547871,5016.0952165405,382.528669547871,469.831280246482,35.8270876905252,469.831280246482,35.8270876905252,0,0,0,0,0,0,PMC co-delivery with EPI only
Chad,TCD,18-24mo,638.5,Chari_Baguirmi,raw cases,4,5670.46230443254,401.290679826347,5670.46230443254,401.290679826347,541.972026697817,38.3668619732846,541.972026697817,38.3668619732846,0,0,0,0,0,0,PMC co-delivery with EPI only
Chad,TCD,24-30mo,821,Chari_Baguirmi,raw cases,4,6240.32051485484,372.171471001327,6240.32051485484,372.171471001327,586.353467927489,34.9681124123373,586.353467927489,34.9681124123373,0,0,0,0,0,0,PMC co-delivery with EPI only
Chad,TCD,0-6mo,91,Ennedi_Est,raw cases,4,219.265605010913,18.8416167875548,191.661703521329,16.3528010020119,65.2512136105225,5.63576144625484,57.0856653416808,4.90067945509979,27.6039014895836,2.48881578554289,8.16554826884172,0.73508199115505,12.5892528781291,13.2091413046188,PMC co-delivery with EPI only
Chad,TCD,6-12mo,273.5,Ennedi_Est,raw cases,4,284.725670390462,28.263052444397,270.796997562055,27.0599639650717,86.9168228166511,8.62107302521608,82.6522633965262,8.25275993043565,13.9286728284073,1.20308847932533,4.26455942012488,0.368313094780435,4.89196243152438,4.25675351836894,PMC co-delivery with EPI only
Chad,TCD,12-18mo,456,Ennedi_Est,raw cases,4,322.928398806308,27.1242844825368,322.928398806308,27.1242844825368,101.118775822558,8.49173565732924,101.118775822558,8.49173565732924,0,0,0,0,0,0,PMC co-delivery with EPI only
Chad,TCD,18-24mo,638.5,Ennedi_Est,raw cases,4,355.815934510064,28.1589615156951,355.815934510064,28.1589615156951,113.643743495795,8.97982173207003,113.643743495795,8.97982173207003,0,0,0,0,0,0,PMC co-delivery with EPI only
Chad,TCD,24-30mo,821,Ennedi_Est,raw cases,4,418.482622405667,33.3418907873714,418.482622405667,33.3418907873714,131.364661594008,10.4681323320808,131.364661594008,10.4681323320808,0,0,0,0,0,0,PMC co-delivery with EPI only
Chad,TCD,0-6mo,91,Ennedi_Ouest,raw cases,4,83.1458728264159,6.06391363695334,72.7410291597535,5.28822672073603,61.6536919358706,4.4828527080337,53.9817173898357,3.91090921862523,10.4048436666623,0.77568691621731,7.67197454603487,0.571943489408469,12.5139628859085,12.7918529625866,PMC co-delivery with EPI only
Chad,TCD,6-12mo,273.5,Ennedi_Ouest,raw cases,4,117.011265185904,10.8442105454876,111.111547320137,10.2850079334561,88.9283586736371,8.23954096352168,84.4311000846638,7.81299243144394,5.89971786576733,0.559202612031484,4.49725858897332,0.426548532077739,5.04200843943875,5.15669268579605,PMC co-delivery with EPI only
Chad,TCD,12-18mo,456,Ennedi_Ouest,raw cases,4,130.944697826732,10.1162442291378,130.944697826732,10.1162442291378,102.078134177348,7.87977751143356,102.078134177348,7.87977751143356,0,0,0,0,0,0,PMC co-delivery with EPI only
Chad,TCD,18-24mo,638.5,Ennedi_Ouest,raw cases,4,151.240071335992,14.3187300054932,151.240071335992,14.3187300054932,120.26481414863,11.3944996366891,120.26481414863,11.3944996366891,0,0,0,0,0,0,PMC co-delivery with EPI only
Chad,TCD,24-30mo,821,Ennedi_Ouest,raw cases,4,176.987919099968,12.200311498141,176.987919099968,12.200311498141,138.337950213364,9.54058508397671,138.337950213364,9.54058508397671,0,0,0,0,0,0,PMC co-delivery with EPI only
Chad,TCD,0-6mo,91,Guera,raw cases,4,2547.07727856863,187.259984390249,1975.87069132006,143.872703935402,271.233843131206,19.926701547397,210.722467395084,15.3285012046242,571.206587248563,43.3872804548475,60.5113757361219,4.59820034277283,22.4259621824102,23.169541851733,PMC co-delivery with EPI only
Chad,TCD,6-12mo,273.5,Guera,raw cases,4,4514.89749760665,360.296468542812,4000.61027668177,316.916658298821,492.869983584121,39.3248316676438,436.546816022545,34.573280969957104,514.28722092488,43.3798102439916,56.3231675615754,4.75155069768667,11.3908947256832,12.0400320379041,PMC co-delivery with EPI only
Chad,TCD,12-18mo,456,Guera,raw cases,4,5432.42113981644,367.029445408106,5432.42113981644,367.029445408106,608.078730509478,41.0824047099537,608.078730509478,41.0824047099537,0,0,0,0,0,0,PMC co-delivery with EPI only
Chad,TCD,18-24mo,638.5,Guera,raw cases,4,5894.53739374398,427.937685114335,5894.53739374398,427.937685114335,673.281536020172,48.8595262313016,673.281536020172,48.8595262313016,0,0,0,0,0,0,PMC co-delivery with EPI only
Chad,TCD,24-30mo,821,Guera,raw cases,4,6674.91914088283,388.601832462604,6674.91914088283,388.601832462604,749.689518315539,43.6432485829562,749.689518315539,43.6432485829562,0,0,0,0,0,0,PMC co-delivery with EPI only
Chad,TCD,0-6mo,91,Hadjer_Lamis,raw cases,4,2838.54622725198,187.324642141752,2195.1671604754,145.613988200607,299.634070529754,19.757991401947,232.031831464156,15.3791956806889,643.37906677658,41.7106539411451,67.6022390655981,4.37879572125813,22.6657949269841,22.2665066721878,PMC co-delivery with EPI only
Chad,TCD,6-12mo,273.5,Hadjer_Lamis,raw cases,4,5037.86544689683,372.208148019192,4482.3390150457,325.211168350756,545.277247404763,40.3135301778595,484.950707456745,35.210456929771,555.526431851134,46.9969796684362,60.3265399480186,5.10307324808849,11.0270200287568,12.6265316647536,PMC co-delivery with EPI only
Chad,TCD,12-18mo,456,Hadjer_Lamis,raw cases,4,5858.40539160667,387.12190199871,5858.40539160667,387.12190199871,650.290416860266,42.9694121594972,650.290416860266,42.9694121594972,0,0,0,0,0,0,PMC co-delivery with EPI only
Chad,TCD,18-24mo,638.5,Hadjer_Lamis,raw cases,4,6429.4619202109,433.622834620059,6429.4619202109,433.622834620059,728.471100090713,49.1300453436434,728.471100090713,49.1300453436434,0,0,0,0,0,0,PMC co-delivery with EPI only
Chad,TCD,24-30mo,821,Hadjer_Lamis,raw cases,4,7150.33625688028,392.954575966614,7150.33625688028,392.954575966614,796.246010298803,43.7395506408396,796.246010298803,43.7395506408396,0,0,0,0,0,0,PMC co-delivery with EPI only
Chad,TCD,0-6mo,91,Kanem,raw cases,4,1091.2575996764201,73.899532493184,895.268725585344,59.3408959240972,169.855535311474,11.4721954395301,139.515658803079,9.2202692588609,195.988874091073,14.5586365690868,30.3398765083954,2.25192618066925,17.9599092046817,19.700580068527,PMC co-delivery with EPI only
Chad,TCD,6-12mo,273.5,Kanem,raw cases,4,1691.14088856268,159.472739993088,1552.58412598371,147.820745521348,269.893244670157,25.4228337157118,247.719748071848,23.557389591224,138.556762578974,11.6519944717397,22.1734965983088,1.86544412448775,8.19309399447697,7.30657444792428,PMC co-delivery with EPI only
Chad,TCD,12-18mo,456,Kanem,raw cases,4,2064.86987478487,159.041133233473,2064.86987478487,159.041133233473,337.816095834608,26.0084117102782,337.816095834608,26.0084117102782,0,0,0,0,0,0,PMC co-delivery with EPI only
Chad,TCD,18-24mo,638.5,Kanem,raw cases,4,2238.31525149513,173.076455372862,2238.31525149513,173.076455372862,373.616116064509,28.8868060330051,373.616116064509,28.8868060330051,0,0,0,0,0,0,PMC co-delivery with EPI only
Chad,TCD,24-30mo,821,Kanem,raw cases,4,2692.5506506331,198.639540237638,2692.5506506331,198.639540237638,441.714218797045,32.5878184714821,441.714218797045,32.5878184714821,0,0,0,0,0,0,PMC co-delivery with EPI only
Chad,TCD,0-6mo,91,Lac,raw cases,4,1408.64838081952,108.670705679964,1135.60276191241,86.9097492874804,187.661498416585,14.4823657539034,151.475602414982,11.5969683856575,273.045618907109,21.7609563924836,36.1858960016033,2.88539736824591,19.3835184581874,20.0246756992356,PMC co-delivery with EPI only
Chad,TCD,6-12mo,273.5,Lac,raw cases,4,2368.77653130605,187.206471187757,2163.46882328576,170.731915899934,323.385440670446,25.5581545029517,295.271957022718,23.3022360384603,205.307708020293,16.4745552878224,28.1134836477283,2.25591846449142,8.66724679626469,8.80020609506572,PMC co-delivery with EPI only
Chad,TCD,12-18mo,456,Lac,raw cases,4,2710.58133638272,204.746779419575,2710.58133638272,204.746779419575,379.203481083094,28.6415880609688,379.203481083094,28.6415880609688,0,0,0,0,0,0,PMC co-delivery with EPI only
Chad,TCD,18-24mo,638.5,Lac,raw cases,4,3060.21821354804,242.213428265275,3060.21821354804,242.213428265275,436.999320082756,34.5643232333484,436.999320082756,34.5643232333484,0,0,0,0,0,0,PMC co-delivery with EPI only
Chad,TCD,24-30mo,821,Lac,raw cases,4,3469.47986159366,204.229521330071,3469.47986159366,204.229521330071,486.903795967092,28.6614085095063,486.903795967092,28.6614085095063,0,0,0,0,0,0,PMC co-delivery with EPI only
Chad,TCD,0-6mo,91,Logone_Occidental,raw cases,4,2166.59760200349,149.570924357831,1545.8962008908,109.04190879432,209.195634955613,14.4443868172615,149.558521570917,10.5503572448896,620.701401112698,40.5290155635107,59.6371133846955,3.89402957237194,28.6486701793967,27.0968543769576,PMC co-delivery with EPI only
Chad,TCD,6-12mo,273.5,Logone_Occidental,raw cases,4,3728.36536596949,303.093769108095,3238.60980831815,262.967901363159,369.069707398681,29.9934063495251,320.450252760355,26.0103700664099,489.755557651335,40.1258677449362,48.619454638326,3.98303628311525,13.1359324952849,13.2387636548957,PMC co-delivery with EPI only
Chad,TCD,12-18mo,456,Logone_Occidental,raw cases,4,4325.95827470256,285.548432197095,4325.95827470256,285.548432197095,438.884053086856,28.9600557476337,438.884053086856,28.9600557476337,0,0,0,0,0,0,PMC co-delivery with EPI only
Chad,TCD,18-24mo,638.5,Logone_Occidental,raw cases,4,4839.78555349855,319.615908823035,4839.78555349855,319.615908823035,501.048224513577,33.0768030667277,501.048224513577,33.0768030667277,0,0,0,0,0,0,PMC co-delivery with EPI only
Chad,TCD,24-30mo,821,Logone_Occidental,raw cases,4,5194.91382551899,259.596718247929,5194.91382551899,259.596718247929,528.815597324412,26.4357863998339,528.815597324412,26.4357863998339,0,0,0,0,0,0,PMC co-delivery with EPI only
Chad,TCD,0-6mo,91,Logone_Oriental,raw cases,4,4130.58561280766,285.331526397119,2979.8672981165,212.846562301516,270.99299639502,18.7243949956434,195.876186680847,13.9922733762583,1150.71831469116,72.4849640956034,75.1168097141722,4.73212161938508,27.8584787378125,25.4037697869811,PMC co-delivery with EPI only
Chad,TCD,6-12mo,273.5,Logone_Oriental,raw cases,4,7334.70123278052,548.293219770359,6495.4516498385,486.96754749220497,492.956810720442,36.8666017341333,436.386784472068,32.7335100436324,839.249582942015,61.3256722781531,56.5700262483741,4.1330916905009,11.4421781652293,11.1848314126223,PMC co-delivery with EPI only
Chad,TCD,12-18mo,456,Logone_Oriental,raw cases,4,8820.30132324524,603.503280202131,8820.30132324524,603.503280202131,607.548800857195,41.577903147531,607.548800857195,41.577903147531,0,0,0,0,0,0,PMC co-delivery with EPI only
Chad,TCD,18-24mo,638.5,Logone_Oriental,raw cases,4,9617.92532634854,505.810507388019,9617.92532634854,505.810507388019,676.032568359643,35.5545935283453,676.032568359643,35.5545935283453,0,0,0,0,0,0,PMC co-delivery with EPI only
Chad,TCD,24-30mo,821,Logone_Oriental,raw cases,4,10415.3810254418,469.691003384576,10415.3810254418,469.691003384576,719.711196218942,32.4654360426328,719.711196218942,32.4654360426328,0,0,0,0,0,0,PMC co-delivery with EPI only
Chad,TCD,0-6mo,91,Mandoul,raw cases,4,4441.10589568342,282.620188958118,2880.49399943131,187.016624235308,423.262673085555,26.927320962496,275.162624960527,17.8553032510567,1560.61189625211,95.6035647228096,148.100048125028,9.07201771143933,35.140164024662504,33.8275779501999,PMC co-delivery with EPI only
Chad,TCD,6-12mo,273.5,Mandoul,raw cases,4,8590.97193623542,546.547992858331,7363.19038717455,467.286512139756,839.241689036226,53.3986244052405,718.938307465247,45.6320635389006,1227.78154906088,79.2614807185746,120.303381570979,7.76656086633989,14.2915325317532,14.5021995788611,PMC co-delivery with EPI only
Chad,TCD,12-18mo,456,Mandoul,raw cases,4,10223.9554423834,600.826017113924,10223.9554423834,600.826017113924,1023.79256028348,60.154447970982,1023.79256028348,60.154447970982,0,0,0,0,0,0,PMC co-delivery with EPI only
Chad,TCD,18-24mo,638.5,Mandoul,raw cases,4,10729.7287843683,519.448819712164,10729.7287843683,519.448819712164,1096.76875976896,53.0771610558682,1096.76875976896,53.0771610558682,0,0,0,0,0,0,PMC co-delivery with EPI only
Chad,TCD,24-30mo,821,Mandoul,raw cases,4,11622.2888439299,439.352332250138,11622.2888439299,439.352332250138,1168.0058714209,44.1360811491445,1168.0058714209,44.1360811491445,0,0,0,0,0,0,PMC co-delivery with EPI only
Chad,TCD,0-6mo,91,Mayo_Kebbi_Est,raw cases,4,1558.56919630292,125.659554246702,1049.08341456214,88.1284744040529,119.12321096234,9.60174805918869,80.3473500723467,6.74454061466877,509.485781740779,37.5310798426491,38.7758608899934,2.85720744451992,32.6893270410661,29.8672711897147,PMC co-delivery with EPI only
Chad,TCD,6-12mo,273.5,Mayo_Kebbi_Est,raw cases,4,2336.86163712598,207.219177700655,2018.72058237121,177.642169925431,183.154952795232,16.2355830193291,158.144589930005,13.9104145240499,318.141054754766,29.5770077752243,25.0103628652274,2.32516849527916,13.6140304458092,14.273296566185,PMC co-delivery with EPI only
Chad,TCD,12-18mo,456,Mayo_Kebbi_Est,raw cases,4,2770.27898379158,236.992256178298,2770.27898379158,236.992256178298,222.57312931762,19.0422588933306,222.57312931762,19.0422588933306,0,0,0,0,0,0,PMC co-delivery with EPI only
Chad,TCD,18-24mo,638.5,Mayo_Kebbi_Est,raw cases,4,3207.58143715991,253.688771732863,3207.58143715991,253.688771732863,262.975973158516,20.7868248441413,262.975973158516,20.7868248441413,0,0,0,0,0,0,PMC co-delivery with EPI only
Chad,TCD,24-30mo,821,Mayo_Kebbi_Est,raw cases,4,3537.04952563541,257.657942619064,3537.04952563541,257.657942619064,285.088493195588,20.771873258909,285.088493195588,20.771873258909,0,0,0,0,0,0,PMC co-delivery with EPI only
Chad,TCD,0-6mo,91,Mayo_Kebbi_Ouest,raw cases,4,2064.70789831243,145.322039811434,1403.90407732748,99.2632167354438,224.332717534212,15.7895451535117,152.871502554916,10.8102909218497,660.803820984945,46.0588230759903,71.4612149792959,4.97925423166205,32.0047122174061,31.6943136331935,PMC co-delivery with EPI only
Chad,TCD,6-12mo,273.5,Mayo_Kebbi_Ouest,raw cases,4,3760.75422919083,316.858519244384,3199.66210983844,269.178409280732,418.976231461681,35.3051153981413,356.290329608456,29.9775906243666,561.09211935239,47.6801099636528,62.6859018532252,5.32752477377467,14.9196699693166,15.0477601414524,PMC co-delivery with EPI only
Chad,TCD,12-18mo,456,Mayo_Kebbi_Ouest,raw cases,4,4109.61781641515,327.450488124244,4109.61781641515,327.450488124244,469.390929683041,37.3793635369738,469.390929683041,37.3793635369738,0,0,0,0,0,0,PMC co-delivery with EPI only
Chad,TCD,18-24mo,638.5,Mayo_Kebbi_Ouest,raw cases,4,4753.17366928398,326.193645068669,4753.17366928398,326.193645068669,554.09269288896,37.986497945951,554.09269288896,37.986497945951,0,0,0,0,0,0,PMC co-delivery with EPI only
Chad,TCD,24-30mo,821,Mayo_Kebbi_Ouest,raw cases,4,5311.89548859535,317.195092225694,5311.89548859535,317.195092225694,608.556486177704,36.3400934049487,608.556486177704,36.3400934049487,0,0,0,0,0,0,PMC co-delivery with EPI only
Chad,TCD,0-6mo,91,Moyen_Chari,raw cases,4,2685.63869911563,171.368874547885,1882.85834108309,117.784743541781,273.347554481315,17.4379713847042,192.018732805328,12.0096546171401,802.780358032535,53.5841310061044,81.3288216759863,5.42831676756412,29.891599279415,31.2682983695102,PMC co-delivery with EPI only
Chad,TCD,6-12mo,273.5,Moyen_Chari,raw cases,4,4602.00681920195,361.058157396426,4116.38922514765,320.174229087334,480.122548327045,37.6867779038579,429.302392089136,33.407977766469,485.617594054304,40.8839283090919,50.8201562379093,4.27880013738891,10.5523006186792,11.3233636940664,PMC co-delivery with EPI only
Chad,TCD,12-18mo,456,Moyen_Chari,raw cases,4,5131.40048971398,341.05808935355,5131.40048971398,341.05808935355,548.956172135474,36.4664649393139,548.956172135474,36.4664649393139,0,0,0,0,0,0,PMC co-delivery with EPI only
Chad,TCD,18-24mo,638.5,Moyen_Chari,raw cases,4,5846.37653572822,333.787870048698,5846.37653572822,333.787870048698,638.2857165815,36.4307777092806,638.2857165815,36.4307777092806,0,0,0,0,0,0,PMC co-delivery with EPI only
Chad,TCD,24-30mo,821,Moyen_Chari,raw cases,4,6308.32725159255,277.352789464909,6308.32725159255,277.352789464909,677.156818087024,29.7653402311151,677.156818087024,29.7653402311151,0,0,0,0,0,0,PMC co-delivery with EPI only
Chad,TCD,0-6mo,91,Ouaddai,raw cases,4,2060.03326913296,157.883199260918,1786.91399258177,134.585804964442,148.203124049168,11.3368580871,128.661600459467,9.67068680315171,273.119276551193,23.2973942964769,19.5415235897012,1.66617128394829,13.2580031907031,14.7560946354878,PMC co-delivery with EPI only
Chad,TCD,6-12mo,273.5,Ouaddai,raw cases,4,3246.43360238629,279.981483913566,3039.83029191363,260.500169912269,239.566748481502,20.6620915557916,224.27873686135,19.2207287129632,206.603310472659,19.4813140012968,15.2880116201513,1.44136284282843,6.36400850215433,6.95807227284748,PMC co-delivery with EPI only
Chad,TCD,12-18mo,456,Ouaddai,raw cases,4,3666.98698033872,259.076022283307,3666.98698033872,259.076022283307,277.402138754472,19.59780810669,277.402138754472,19.59780810669,0,0,0,0,0,0,PMC co-delivery with EPI only
Chad,TCD,18-24mo,638.5,Ouaddai,raw cases,4,4325.24623838206,370.30231516916,4325.24623838206,370.30231516916,334.060304537972,28.5874792997576,334.060304537972,28.5874792997576,0,0,0,0,0,0,PMC co-delivery with EPI only
Chad,TCD,24-30mo,821,Ouaddai,raw cases,4,4842.79413981172,343.62275031914,4842.79413981172,343.62275031914,367.674655075243,26.0912420819427,367.674655075243,26.0912420819427,0,0,0,0,0,0,PMC co-delivery with EPI only
Chad,TCD,0-6mo,91,Salamat,raw cases,4,2033.386079265,146.399256103668,1641.48627223805,117.412885187167,404.375458709253,29.1053900625151,326.844633967397,23.3716681174853,391.899807026952,28.986370916501,77.5308247418563,5.73372194502986,19.2732610409436,19.7995342926984,PMC co-delivery with EPI only
Chad,TCD,6-12mo,273.5,Salamat,raw cases,4,3958.90637977315,257.367857889123,3635.72105285462,235.546660266515,806.487648145363,52.4440173911449,740.445586621945,47.9852930512827,323.185326918534,21.8211976226074,66.0420615234173,4.45872433986216,8.16350011633903,8.47860249589062,PMC co-delivery with EPI only
Chad,TCD,12-18mo,456,Salamat,raw cases,4,4645.9992869326,293.13651833174,4645.9992869326,293.13651833174,969.94357403646,61.1604606373352,969.94357403646,61.1604606373352,0,0,0,0,0,0,PMC co-delivery with EPI only
Chad,TCD,18-24mo,638.5,Salamat,raw cases,4,5078.27917117999,289.388623366308,5078.27917117999,289.388623366308,1081.88549053194,61.6415006808429,1081.88549053194,61.6415006808429,0,0,0,0,0,0,PMC co-delivery with EPI only
Chad,TCD,24-30mo,821,Salamat,raw cases,4,5524.13658581823,271.617770410922,5524.13658581823,271.617770410922,1156.97021468105,56.9287883683655,1156.97021468105,56.9287883683655,0,0,0,0,0,0,PMC co-delivery with EPI only
Chad,TCD,0-6mo,91,Sila,raw cases,4,1924.49983762482,129.284589957256,1633.95746759891,111.415066161253,256.318957874601,17.2314487219482,217.818118612111,14.8620007623889,290.54237002591,17.8695237960022,38.5008392624908,2.36944795955925,15.0970327118599,13.8218513141514,PMC co-delivery with EPI only
Chad,TCD,6-12mo,273.5,Sila,raw cases,4,3283.52938262887,259.756497401149,3074.71770353791,242.095209173391,448.286229123427,35.4691381837742,419.692353167404,33.0504786411146,208.811679090961,17.6612882277581,28.5938759560223,2.41865954265955,6.35936685067156,6.79917091755488,PMC co-delivery with EPI only
Chad,TCD,12-18mo,456,Sila,raw cases,4,3776.85441802295,265.57615548568,3776.85441802295,265.57615548568,528.499799898331,37.1534036700861,528.499799898331,37.1534036700861,0,0,0,0,0,0,PMC co-delivery with EPI only
Chad,TCD,18-24mo,638.5,Sila,raw cases,4,4240.27874741157,279.113299618316,4240.27874741157,279.113299618316,605.951435991138,39.8656997004893,605.951435991138,39.8656997004893,0,0,0,0,0,0,PMC co-delivery with EPI only
Chad,TCD,24-30mo,821,Sila,raw cases,4,4814.80086256376,263.866793195229,4814.80086256376,263.866793195229,676.270215619554,37.064233183778,676.270215619554,37.064233183778,0,0,0,0,0,0,PMC co-delivery with EPI only
Chad,TCD,0-6mo,91,Tandjile,raw cases,4,2047.57510755708,136.433612470984,1393.59839690933,91.0922959931156,195.890576262502,13.0468400063463,133.611484638937,8.72892787567499,653.976710647748,45.3413164778686,62.2790916235653,4.31791213067128,31.939082880725,33.2332448409746,PMC co-delivery with EPI only
Chad,TCD,6-12mo,273.5,Tandjile,raw cases,4,3528.21993040422,286.120629122032,2980.59551253941,242.099946533261,345.871071980579,28.0341503047562,292.010428499256,23.7051809356609,547.62441786481,44.0206825887713,53.860643481323,4.32896936909536,15.5212664932163,15.3853578205283,PMC co-delivery with EPI only
Chad,TCD,12-18mo,456,Tandjile,raw cases,4,4107.35290898913,314.995917663461,4107.35290898913,314.995917663461,412.850490022671,31.6705461581306,412.850490022671,31.6705461581306,0,0,0,0,0,0,PMC co-delivery with EPI only
Chad,TCD,18-24mo,638.5,Tandjile,raw cases,4,4555.55049912014,312.355556432799,4555.55049912014,312.355556432799,467.539363637982,32.0473728579376,467.539363637982,32.0473728579376,0,0,0,0,0,0,PMC co-delivery with EPI only
Chad,TCD,24-30mo,821,Tandjile,raw cases,4,4963.32901959045,277.119528277889,4963.32901959045,277.119528277889,500.866845955908,27.9482430881988,500.866845955908,27.9482430881988,0,0,0,0,0,0,PMC co-delivery with EPI only
Chad,TCD,0-6mo,91,Tibesti,raw cases,4,37.8318775618827,3.51255818528166,34.3758817193829,3.11322388590593,68.3197255373557,6.37241383620427,62.1201962760763,5.65614095749741,3.45599584249987,0.39933429937573,6.19952926127947,0.716272878706865,9.13514228007002,11.3687596990997,PMC co-delivery with EPI only
Chad,TCD,6-12mo,273.5,Tibesti,raw cases,4,47.7877749403757,4.25095211446887,45.650617441815,4.07869499318694,88.3474926397471,7.85546213879588,84.3845226669377,7.53590466487983,2.13715749856065,0.172257121281931,3.96296997280942,0.319557473916052,4.4721845727849,4.05220093389487,PMC co-delivery with EPI only
Chad,TCD,12-18mo,456,Tibesti,raw cases,4,58.5712982638105,5.23183812747067,58.5712982638105,5.23183812747067,111.105419799212,9.92408797566154,111.105419799212,9.92408797566154,0,0,0,0,0,0,PMC co-delivery with EPI only
Chad,TCD,18-24mo,638.5,Tibesti,raw cases,4,67.5365110414421,4.66098513923777,67.5365110414421,4.66098513923777,130.77442782045,9.01964010018387,130.77442782045,9.01964010018387,0,0,0,0,0,0,PMC co-delivery with EPI only
Chad,TCD,24-30mo,821,Tibesti,raw cases,4,73.7056078568055,4.70657996114905,73.7056078568055,4.70657996114905,140.275606207337,8.9588532493623,140.275606207337,8.9588532493623,0,0,0,0,0,0,PMC co-delivery with EPI only
Chad,TCD,0-6mo,91,Ville_de_N'Djamena,raw cases,4,2509.6568052897,181.642873238383,1847.61100930407,136.006550631115,160.280434352982,11.6162201663072,118.213262405493,8.7171559623894,662.045795985627,45.6363226072678,42.0671719474893,2.89906420391783,26.3799334869297,25.1242021190537,PMC co-delivery with EPI only
Chad,TCD,6-12mo,273.5,Ville_de_N'Djamena,raw cases,4,3832.33211425302,298.890156019196,3324.84605558805,263.367697375645,250.930373446977,19.5665491973201,217.608402359523,17.2346463277127,507.486058664976,35.5224586435518,33.3219710874538,2.33190286960746,13.2422254526835,11.8847870791939,PMC co-delivery with EPI only
Chad,TCD,12-18mo,456,Ville_de_N'Djamena,raw cases,4,4523.14190975641,397.911161905841,4523.14190975641,397.911161905841,303.596760970575,26.6934321389487,303.596760970575,26.6934321389487,0,0,0,0,0,0,PMC co-delivery with EPI only
Chad,TCD,18-24mo,638.5,Ville_de_N'Djamena,raw cases,4,5058.21638443023,404.866336954825,5058.21638443023,404.866336954825,346.559524075692,27.733766432735,346.559524075692,27.733766432735,0,0,0,0,0,0,PMC co-delivery with EPI only
Chad,TCD,24-30mo,821,Ville_de_N'Djamena,raw cases,4,5866.53348791389,428.222165123037,5866.53348791389,428.222165123037,395.097547318316,28.8329263489493,395.097547318316,28.8329263489493,0,0,0,0,0,0,PMC co-delivery with EPI only
Chad,TCD,0-6mo,91,Wadi_Fira,raw cases,4,1083.36386761565,73.5535133997359,942.176956423707,63.7468913162823,88.3602608468021,5.99423755687049,76.9120879357969,5.19814910236188,141.186911191943,9.80662208345364,11.4481729110051,0.796088454508611,13.0322706352278,13.3326358323066,PMC co-delivery with EPI only
Chad,TCD,6-12mo,273.5,Wadi_Fira,raw cases,4,1615.92392347845,140.5522143626,1537.44277859109,135.82826939259,135.104594922577,11.7194753372772,128.522727359981,11.3230787244963,78.4811448873677,4.72394497000985,6.58186756259508,0.396396612780872,4.85673513134383,3.36098936002738,PMC co-delivery with EPI only
Chad,TCD,12-18mo,456,Wadi_Fira,raw cases,4,1867.92043925312,156.752296053719,1867.92043925312,156.752296053719,160.082698846605,13.4421976251557,160.082698846605,13.4421976251557,0,0,0,0,0,0,PMC co-delivery with EPI only
Chad,TCD,18-24mo,638.5,Wadi_Fira,raw cases,4,2053.69234505172,163.065577793352,2053.69234505172,163.065577793352,179.622775584796,14.2679886797595,179.622775584796,14.2679886797595,0,0,0,0,0,0,PMC co-delivery with EPI only
Chad,TCD,24-30mo,821,Wadi_Fira,raw cases,4,2430.49709891118,167.675263645525,2430.49709891118,167.675263645525,208.948042380328,14.4128572418121,208.948042380328,14.4128572418121,0,0,0,0,0,0,PMC co-delivery with EPI only
