Country,continent,Iso code,Admin-1 unit,rural_pfpr_2024,urban_pfpr_2024,weighted_prev,pv_present,population_rural,population_urban,population_total
Angola,Africa,AGO,Cabinda,0.309072018,0.233558397,0.242988712,no,182762,1280712,1463474
Angola,Africa,AGO,Zaire,0.406505708,0.29068428,0.35419223,no,433809,357342,791151
Angola,Africa,AGO,Uige,0.416237345,0.324046393,0.38293621,no,577937,326813,904750
Angola,Africa,AGO,Lunda_Norte,0.336991017,0.308547208,0.331697565,no,702083,160535,862618
Angola,Africa,AGO,Malanje,0.355965175,0.340176542,0.348507065,no,501916,449353,951269
Angola,Africa,AGO,Bengo,0.229025497,0.155937588,0.18788698,no,249681,321493,571174
Angola,Africa,AGO,Cuanza_Norte,0.379743921,0.364940533,0.37553897,no,246426,97770,344196
Angola,Africa,AGO,Lunda_Sul,0.215813493,0.152209284,0.196812276,no,352719,150261,502980
Angola,Africa,AGO,Luanda,0,0.10030196,0.100246793,no,9733,17686230,17695963
Angola,Africa,AGO,Cuanza_Sul,0.338712842,0.275537112,0.312358525,no,1095106,783804,1878910
Angola,Africa,AGO,Bie,0.241791095,0.217073744,0.237973007,no,878351,160466,1038817
Angola,Africa,AGO,Moxico,0.214943178,0.189857436,0.212504134,no,1037802,111771,1149573
Angola,Africa,AGO,Huambo,0.32057162,0.332753708,0.325895096,no,942973,731911,1674884
Angola,Africa,AGO,Benguela,0.334547594,0.181579117,0.252659267,no,924520,1065099,1989619
Angola,Africa,AGO,Huila,0.275780555,0.184390164,0.234152232,no,1734318,1450839,3185157
Angola,Africa,AGO,Namibe,0.128780833,0.108846199,0.120100273,no,363325,280242,643567
Angola,Africa,AGO,Cuando_Cubango,0.192085982,0.196574946,0.193226591,no,302747,103130,405877
Angola,Africa,AGO,Cunene,0.180563858,0.163081402,0.17674863,no,926805,258719,1185524
Burundi,Africa,BDI,Kirundo,0.259648722,0.259648722,0.259648722,no,1022753,0,1022753
Burundi,Africa,BDI,Muyinga,0.291559596,0.291216485,0.291485522,no,975735,268649,1244384
Burundi,Africa,BDI,Cibitoke,0.211821012,0.211821012,0.211821012,no,689670,0,689670
Burundi,Africa,BDI,Ngozi,0.257030972,0.221967571,0.25064118,no,831463,185288,1016751
Burundi,Africa,BDI,Kayanza,0.228885536,0.245965504,0.229873988,no,964528,59248,1023776
Burundi,Africa,BDI,Cankuzo,0.333561242,0,0.333561242,no,385297,0,385297
Burundi,Africa,BDI,Bubanza,0.211268579,0.231967896,0.212844055,no,439145,36178,475323
Burundi,Africa,BDI,Karuzi,0.295035906,0,0.295035906,no,575463,0,575463
Burundi,Africa,BDI,Gitega,0.246026402,0.216275833,0.242269043,no,884840,127905,1012745
Burundi,Africa,BDI,Muramvya,0.2077194,0,0.2077194,no,440617,0,440617
Burundi,Africa,BDI,Ruyigi,0.271620621,0,0.271620621,no,724932,0,724932
Burundi,Africa,BDI,Bujumbura_Rural,0.191450044,0.193705098,0.191841902,no,735302,154645,889947
Burundi,Africa,BDI,Bujumbura_Mairie,0.205339943,0.171960544,0.173154333,no,43071,1161233,1204304
Burundi,Africa,BDI,Mwaro,0.224378945,0,0.224378945,no,427761,0,427761
Burundi,Africa,BDI,Bururi,0.210635761,0.210443715,0.210627959,no,974233,41253,1015486
Burundi,Africa,BDI,Rutana,0.231466176,0,0.231466176,no,603179,0,603179
Burundi,Africa,BDI,Makamba,0.211089149,0.201479152,0.210577091,no,625377,35198,660575
Benin,Africa,BEN,Alibori,0.342038671,0.320643807,0.341118317,no,1202504,54054,1256558
Benin,Africa,BEN,Atakora,0.359718216,0.331260941,0.358960485,no,1029159,28153,1057312
Benin,Africa,BEN,Borgou,0.398145422,0.357364857,0.389614887,no,1386498,366746,1753244
Benin,Africa,BEN,Donga,0.413707268,0.349675856,0.409518737,no,683291,47825,731116
Benin,Africa,BEN,Collines,0.460350215,0.358346097,0.457614195,no,852444,23495,875939
Benin,Africa,BEN,Plateau,0.470383599,0.369739193,0.416670086,no,393320,450164,843484
Benin,Africa,BEN,Zou,0.419191055,0.382999433,0.397688931,no,469652,687465,1157117
Benin,Africa,BEN,Kouffo,0.426039218,0.387772673,0.396757778,no,231835,755524,987359
Benin,Africa,BEN,Atlantique,0.397815426,0.310542619,0.323474017,no,317676,1826290,2143966
Benin,Africa,BEN,Oueme,0.395063255,0.284038344,0.289073275,no,76751,1615680,1692431
Benin,Africa,BEN,Mono,0.378267064,0.344158185,0.354841023,no,208517,457250,665767
Benin,Africa,BEN,Littoral,0,0.233936046,0.233936046,no,0,729437,729437
Burkina Faso,Africa,BFA,Sahel,0.216085222,0.185275595,0.214956371,no,1445216,54966,1500182
Burkina Faso,Africa,BFA,Nord,0.229472032,0.209138943,0.225805313,no,1323153,291103,1614256
Burkina Faso,Africa,BFA,Centre_Nord,0.245999598,0.212675218,0.242213941,no,1560521,199995,1760516
Burkina Faso,Africa,BFA,Boucle_du_Mouhoun,0.220746182,0.198993308,0.219553462,no,1838506,106654,1945160
Burkina Faso,Africa,BFA,Est,0.27521362,0.234999701,0.271048743,no,1827935,211188,2039123
Burkina Faso,Africa,BFA,Plateau_Central,0.248969914,0.231396734,0.245950333,no,770956,159958,930914
Burkina Faso,Africa,BFA,Centre_Ouest,0.310444104,0.28759411,0.306719426,no,1452556,282887,1735443
Burkina Faso,Africa,BFA,Centre,0.254866043,0.175867864,0.179051383,no,189122,4503889,4693011
Burkina Faso,Africa,BFA,Centre_Est,0.225154735,0.203381305,0.21799296,no,1181745,579222,1760967
Burkina Faso,Africa,BFA,Centre_Sud,0.265362409,0.24603993,0.263023743,no,782282,107720,890002
Burkina Faso,Africa,BFA,Haut_Bassins,0.228561631,0.235731953,0.231741376,no,1445566,1151846,2597412
Burkina Faso,Africa,BFA,Sud_Ouest,0.262828549,0.202752413,0.259686153,no,879644,48551,928195
Burkina Faso,Africa,BFA,Cascades,0.241218807,0.18986513,0.235576004,no,1021811,126138,1147949
Cote d'Ivoire,Africa,CIV,Savanes,0.252272721,0.18923264,0.231666185,no,1452993,705601,2158594
Cote d'Ivoire,Africa,CIV,Denguele,0.313480728,0.21975479,0.302360641,no,326142,43904,370046
Cote d'Ivoire,Africa,CIV,Zanzan,0.36262102,0.250627489,0.344941942,no,950273,178127,1128400
Cote d'Ivoire,Africa,CIV,Vallee_du_Bandama,0.316310029,0.16057515,0.242742417,no,922011,825513,1747524
Cote d'Ivoire,Africa,CIV,Woroba,0.395940575,0.352387826,0.390230027,no,945540,142686,1088226
Cote d'Ivoire,Africa,CIV,Montagnes,0.374728779,0.33657724,0.35446045,no,1478286,1675448,3153734
Cote d'Ivoire,Africa,CIV,Lacs,0.338121915,0.28685409,0.326200153,no,1206168,365466,1571634
Cote d'Ivoire,Africa,CIV,Sassandra_Marahoue,0.428515631,0.326121071,0.376660081,no,1500425,1539511,3039936
Cote d'Ivoire,Africa,CIV,Comoe,0.294946088,0.23688765,0.268762524,no,818290,672183,1490473
Cote d'Ivoire,Africa,CIV,Yamoussoukro,0.272572007,0.186530678,0.209238662,no,121105,337766,458871
Cote d'Ivoire,Africa,CIV,Goh_Djiboua,0.29306568,0.240937762,0.2662628,no,1009272,1068168,2077440
Cote d'Ivoire,Africa,CIV,Lagunes,0.275074896,0.20825939,0.249093267,no,1071393,681702,1753095
Cote d'Ivoire,Africa,CIV,Bas_Sassandra,0.342737172,0.293639521,0.321468228,no,1665044,1272561,2937605
Cote d'Ivoire,Africa,CIV,Abidjan,0.250704148,0.164403624,0.165484692,no,78414,6181296,6259710
Cameroon,Africa,CMR,Extreme_Nord,0.228651426,0.240270321,0.234978594,no,2227585,2663461,4891046
Cameroon,Africa,CMR,Nord,0.241250393,0.248729751,0.244113175,no,1955449,1212592,3168041
Cameroon,Africa,CMR,Adamaoua,0.258480178,0.199821361,0.252301437,no,1289931,151870,1441801
Cameroon,Africa,CMR,Nord_Ouest,0.199025703,0.132988091,0.158031197,no,918265,1503161,2421426
Cameroon,Africa,CMR,Sud_Ouest,0.260401213,0.184326042,0.214540683,no,823350,1249701,2073051
Cameroon,Africa,CMR,Ouest,0.192874214,0.132708967,0.15511246,no,826482,1393060,2219542
Cameroon,Africa,CMR,Centre,0.3915904,0.178310849,0.220835834,no,1211971,4866541,6078512
Cameroon,Africa,CMR,Est,0.402253509,0.243046501,0.39502742,no,1003638,47719,1051357
Cameroon,Africa,CMR,Littoral,0.284708605,0.172845329,0.18441365,no,488089,4231631,4719720
Cameroon,Africa,CMR,Sud,0.449884098,0.316224259,0.440800399,no,888135,64760,952895
DR Congo,Africa,COD,Bas_Uele,0.458706667,0.372321716,0.452015461,no,1224204,102786,1326990
DR Congo,Africa,COD,Haut_Uele,0.466285311,0.406689021,0.458279801,no,1621510,251615,1873125
DR Congo,Africa,COD,Nord_Ubangi,0.466844939,0.413023624,0.45785773,no,1156286,231783,1388069
DR Congo,Africa,COD,Sud_Ubangi,0.491757835,0.451032134,0.48230352,no,2061567,623276,2684843
DR Congo,Africa,COD,Ituri,0.356402001,0.353327404,0.354478128,no,2150869,3595997,5746866
DR Congo,Africa,COD,Mongala,0.446505855,0.35792604,0.436405043,no,1784306,229653,2013959
DR Congo,Africa,COD,Tshopo,0.497272369,0.386260548,0.463330952,no,2193908,966186,3160094
DR Congo,Africa,COD,Equateur,0.44107829,0.29441314,0.408133675,no,1649956,477989,2127945
DR Congo,Africa,COD,Tshuapa,0.612876265,0.512687964,0.608655839,no,1403400,61718,1465118
DR Congo,Africa,COD,Nord_Kivu,0.190024623,0.12763674,0.142542989,no,2092571,6665573,8758144
DR Congo,Africa,COD,Maniema,0.300949425,0.198177876,0.279138868,no,2139205,576293,2715498
DR Congo,Africa,COD,Mai_Ndombe,0.358435056,0.276491644,0.351525139,no,1424839,131215,1556054
DR Congo,Africa,COD,Sud_Kivu,0.25028976,0.174785491,0.200728826,no,1992153,3805716,5797869
DR Congo,Africa,COD,Sankuru,0.261852097,0.187522382,0.258232048,no,168275,8615,176890
DR Congo,Africa,COD,Kasai,0.401202779,0.397442354,0.399768894,no,3488935,2150286,5639221
DR Congo,Africa,COD,Kwilu,0.437765455,0.349935811,0.415884702,no,2973596,986590,3960186
DR Congo,Africa,COD,Kinshasa,0.301099768,0.13964275,0.143916332,no,198076,7285286,7483362
DR Congo,Africa,COD,Kasai_Central,0.429305433,0.39580817,0.411262189,no,3050886,3562043,6612929
DR Congo,Africa,COD,Kwango,0.404601715,0.389527993,0.403245294,no,1868928,184807,2053735
DR Congo,Africa,COD,Kongo_Central,0.308153266,0.242108083,0.289088493,no,1930096,783238,2713334
DR Congo,Africa,COD,Lomami,0.406836143,0.398658389,0.403863207,no,2373476,1355704,3729180
DR Congo,Africa,COD,Tanganyika,0.326373432,0.295069182,0.318748049,no,3723013,1198934,4921947
DR Congo,Africa,COD,Kasai_Oriental,0.297685413,0.179130493,0.192923091,no,625914,4754159,5380073
DR Congo,Africa,COD,Haut_Lomami,0.321238316,0.285526058,0.307045923,no,4333133,2857710,7190843
DR Congo,Africa,COD,Lualaba,0.394205977,0.317034075,0.379363136,no,2857505,680477,3537982
DR Congo,Africa,COD,Haut_Katanga,0.312738345,0.188950687,0.232443779,no,3480056,6424689,9904745
Congo-Brazzaville,Africa,COG,Likouala,0.383731614,0.312206715,0.332338766,no,487236,1243810,1731046
Congo-Brazzaville,Africa,COG,Sangha,0.319949648,0.20968373,0.31793988,no,161972,3007,164979
Congo-Brazzaville,Africa,COG,Cuvette_Ouest,0.300988196,0.290277307,0.299618696,no,218450,32026,250476
Congo-Brazzaville,Africa,COG,Cuvette,0.235197929,0.211713872,0.234860011,no,249121,3637,252758
Congo-Brazzaville,Africa,COG,Plateaux,0.179764413,0.179764413,0.179764413,no,165340,0,165340
Congo-Brazzaville,Africa,COG,Niari,0.182449104,0.146326245,0.180385891,no,209867,12713,222580
Congo-Brazzaville,Africa,COG,Lekoumou,0.162174112,0.1468028,0.158956182,no,188695,49962,238657
Congo-Brazzaville,Africa,COG,Pool,0.167074345,0.140753931,0.141490972,no,28628,993704,1022332
Congo-Brazzaville,Africa,COG,Bouenza,0.148665728,0.147454967,0.147660717,no,69014,337108,406122
Congo-Brazzaville,Africa,COG,Kouilou,0.201631159,0.143522274,0.152207158,no,96532,549345,645877
Congo-Brazzaville,Africa,COG,Brazzaville,0,0.109202894,0.109202894,no,0,926312,926312
Congo-Brazzaville,Africa,COG,Pointe_Noire,0,0.112976385,0.112976385,no,0,148861,148861
Gabon,Africa,GAB,Wouleu_Ntem,0.300114311,0.236909534,0.244183942,no,30753,236449,267202
Gabon,Africa,GAB,Ogooue_Ivindo,0.318347912,0.296559531,0.309631132,no,43965,29318,73283
Gabon,Africa,GAB,Estuaire,0.247488405,0.132783807,0.134348535,no,13028,942008,955036
Gabon,Africa,GAB,Ogooue_Lolo,0.211879705,0.184587832,0.192399164,no,27869,69502,97371
Gabon,Africa,GAB,Moyen_Ogooue,0.24304528,0.165336406,0.175343109,no,11207,75823,87030
Gabon,Africa,GAB,Haut_Ogooue,0.197274483,0.136361544,0.137756903,no,15076,643051,658127
Gabon,Africa,GAB,Ogooue_Maritime,0.1520486,0.107596781,0.112246387,no,15512,132788,148300
Gabon,Africa,GAB,Ngounie,0.240191474,0.218910291,0.225531909,no,36892,81675,118567
Gabon,Africa,GAB,Nyanga,0.17855333,0.207379667,0.197144149,no,19663,35714,55377
Ghana,Africa,GHA,Upper_East,0.114989021,0.105749223,0.111929993,no,811506,401636,1213142
Ghana,Africa,GHA,Upper_West,0.142489928,0.116582298,0.139260614,no,748438,106575,855013
Ghana,Africa,GHA,North_East,0.120979285,0.112014613,0.119654427,no,561480,97369,658849
Ghana,Africa,GHA,Northern,0.175385096,0.130276856,0.162438866,no,1518884,611399,2130283
Ghana,Africa,GHA,Savannah,0.192559477,0.19333523,0.192574898,no,655570,13297,668867
Ghana,Africa,GHA,Bono_East,0.182273926,0.150772306,0.17643124,no,963006,219282,1182288
Ghana,Africa,GHA,Bono,0.19168921,0.140392169,0.178316764,no,860918,303565,1164483
Ghana,Africa,GHA,Oti,0.220500136,0.202023556,0.218015336,no,691602,107461,799063
Ghana,Africa,GHA,Ashanti,0.13932879,0.079168,0.093670408,no,1733792,5458551,7192343
Ghana,Africa,GHA,Ahafo,0.159205017,0.131402257,0.152434903,no,450352,144962,595314
Ghana,Africa,GHA,Volta,0.172895154,0.162458644,0.166223693,no,763256,1352448,2115704
Ghana,Africa,GHA,Eastern,0.169274725,0.147894691,0.15755382,no,1573957,1909924,3483881
Ghana,Africa,GHA,Western_North,0.170788361,0.129937251,0.164324895,no,695705,130764,826469
Ghana,Africa,GHA,Central,0.142754285,0.111554556,0.119275096,no,764783,2325807,3090590
Ghana,Africa,GHA,Western,0.153442964,0.107753374,0.124930546,no,878458,1458154,2336612
Ghana,Africa,GHA,Greater_Accra,0.126495887,0.081317433,0.082504464,no,161158,5972521,6133679
Guinea,Africa,GIN,Boke,0.231061451,0.194573321,0.223031567,no,1103643,311408,1415051
Guinea,Africa,GIN,Kankan,0.21937543,0.178517096,0.210875546,no,2291238,601860,2893098
Guinea,Africa,GIN,Labe,0.198903831,0.146479928,0.188242722,no,986369,251798,1238167
Guinea,Africa,GIN,Faranah,0.259210999,0.216146272,0.250921212,no,1005764,239758,1245522
Guinea,Africa,GIN,Kindia,0.257714089,0.181908064,0.22154396,no,1212373,1106363,2318736
Guinea,Africa,GIN,Mamou,0.236394389,0.184499186,0.226482199,no,721440,170332,891772
Guinea,Africa,GIN,Conakry,0.226161972,0.133542634,0.134082104,no,13969,2384308,2398277
Guinea,Africa,GIN,Nzerekore,0.349795044,0.252417139,0.326334981,no,1485313,471409,1956722
Kenya,Africa,KEN,Turkana,0.038375821,0.031178127,0.0379863,yes,1141176,65291,1206467
Kenya,Africa,KEN,Marsabit,0.028307097,0.027601469,0.028221926,yes,328620,45110,373730
Kenya,Africa,KEN,Mandera,0.022418184,0.017542055,0.02156645,yes,2185750,462598,2648348
Kenya,Africa,KEN,Wajir,0.020531953,0.015893618,0.019875826,yes,1481356,244075,1725431
Kenya,Africa,KEN,West_Pokot,0.045551855,0.028888389,0.044908644,yes,742344,29805,772149
Kenya,Africa,KEN,Samburu,0.03543164,0,0.03543164,yes,319616,0,319616
Kenya,Africa,KEN,Isiolo,0.030402778,0.033392169,0.031314311,yes,133427,58533,191960
Kenya,Africa,KEN,Baringo,0.048322279,0.04417764,0.048160826,yes,751400,30457,781857
Kenya,Africa,KEN,Elgeyo_Marakwet,0.040428564,0,0.040428564,yes,487614,0,487614
Kenya,Africa,KEN,Trans_Nzoia,0.041685266,0.035753269,0.040446542,yes,977070,257884,1234954
Kenya,Africa,KEN,Bungoma,0.073504708,0.069041403,0.072852115,yes,1774429,303875,2078304
Kenya,Africa,KEN,Garissa,0.030102935,0.018730293,0.025391733,yes,936037,661998,1598035
Kenya,Africa,KEN,Uasin_Gishu,0.034258233,0.029682447,0.032850092,yes,967013,429875,1396888
Kenya,Africa,KEN,Laikipia,0.033094212,0,0.030489192,yes,504525,43107,547632
Kenya,Africa,KEN,Busia,0.139678573,0.19986254,0.147946348,yes,847121,134906,982027
Kenya,Africa,KEN,Meru,0.041639636,0.04492218,0.042545833,yes,1252191,477511,1729702
Kenya,Africa,KEN,Kakamega,0.074649075,0.073383827,0.074256358,yes,1325613,596644,1922257
Kenya,Africa,KEN,Nandi,0.044544769,0.049421021,0.044720482,yes,1042360,38965,1081325
Kenya,Africa,KEN,Siaya,0.112400185,0.112501001,0.112405263,yes,983998,52190,1036188
Kenya,Africa,KEN,Nakuru,0.030993598,0.023590463,0.028461907,yes,1568310,815051,2383361
Kenya,Africa,KEN,Vihiga,0.05583268,0.080325834,0.078669509,yes,53036,731242,784278
Kenya,Africa,KEN,Nyandarua,0.026073997,0,0.024498763,yes,696206,44765,740971
Kenya,Africa,KEN,Kericho,0.056018505,0.056942892,0.056135046,yes,990713,142921,1133634
Kenya,Africa,KEN,Tharaka_Nithi,0.0328981,0.037242337,0.033461787,yes,334919,49937,384856
Kenya,Africa,KEN,Kisumu,0.074412258,0.065612354,0.071547247,yes,863908,417043,1280951
Kenya,Africa,KEN,Nyeri,0.037660321,0.034703396,0.037219517,yes,681560,119404,800964
Kenya,Africa,KEN,Tana_River,0.03944914,0,0.03944914,yes,385995,0,385995
Kenya,Africa,KEN,Kitui,0.031972834,0.032015878,0.031975024,yes,1196841,64157,1260998
Kenya,Africa,KEN,Kirinyaga,0.035419841,0.036907061,0.035712235,yes,515625,126182,641807
Kenya,Africa,KEN,Embu,0.033216995,0.030732308,0.033027406,yes,634807,52439,687246
Kenya,Africa,KEN,Homa_Bay,0.067830991,0.065164671,0.067693467,yes,1104993,60093,1165086
Kenya,Africa,KEN,Nyamira,0.056562726,0.058634389,0.057178406,yes,536676,226940,763616
Kenya,Africa,KEN,Bomet,0.038453485,0.028727479,0.038212979,yes,1025196,25994,1051190
Kenya,Africa,KEN,Narok,0.031683869,0,0.031683869,yes,1310907,0,1310907
Kenya,Africa,KEN,Kisii,0.04995788,0.052668562,0.051570822,yes,615268,904032,1519300
Kenya,Africa,KEN,Murang'a,0.037245388,0.034852706,0.037107342,yes,1036183,63443,1099626
Kenya,Africa,KEN,Migori,0.068375142,0.059425929,0.067197009,yes,958835,145364,1104199
Kenya,Africa,KEN,Kiambu,0.034867892,0.033132491,0.033814263,yes,845648,1306888,2152536
Kenya,Africa,KEN,Machakos,0.033585622,0.030471261,0.032963625,yes,1108651,276676,1385327
Kenya,Africa,KEN,Kajiado,0.028991919,0.029884751,0.029302683,yes,641045,342252,983297
Kenya,Africa,KEN,Nairobi,0.032137475,0.032695785,0.032682848,yes,117731,4962921,5080652
Kenya,Africa,KEN,Makueni,0.040468974,0,0.040468974,yes,1086687,0,1086687
Kenya,Africa,KEN,Lamu,0.049794092,0.032038141,0.046535521,yes,114802,25804,140606
Kenya,Africa,KEN,Kilifi,0.082907202,0.073341167,0.080533026,yes,1172595,387097,1559692
Kenya,Africa,KEN,Taita_Taveta,0.049450002,0.047501802,0.049020611,yes,308434,87199,395633
Kenya,Africa,KEN,Kwale,0.046443393,0.045971275,0.046389173,yes,768073,99654,867727
Kenya,Africa,KEN,Mombasa,0.062388692,0.051465017,0.051771661,yes,38754,1341793,1380547
Liberia,Africa,LBR,Lofa,0.430134377,0.386245498,0.417189545,no,278555,116528,395083
Liberia,Africa,LBR,Gbapolu,0.461469431,0,0.461469431,no,123939,0,123939
Liberia,Africa,LBR,Nimba,0.527399608,0.460242226,0.505628712,no,454211,217875,672086
Liberia,Africa,LBR,Grand_Cape_Mount,0.390158014,0.363333231,0.387329211,no,170715,20125,190840
Liberia,Africa,LBR,Bong,0.446855781,0.374740823,0.434296341,no,355182,74903,430085
Liberia,Africa,LBR,Bomi,0.423034998,0.390488956,0.409193259,no,98015,72534,170549
Liberia,Africa,LBR,Montserrado,0.436025662,0.291657815,0.295236091,no,48481,1907516,1955997
Liberia,Africa,LBR,Margibi,0.40989839,0.357136449,0.369555682,no,90316,293383,383699
Liberia,Africa,LBR,Grand_Bassa,0.435689586,0.322066647,0.402984174,no,213149,86151,299300
Liberia,Africa,LBR,Grand_Gedeh,0.544649717,0.351641924,0.535199626,no,187499,9653,197152
Liberia,Africa,LBR,Rivercess,0.471389964,0.420267769,0.466416986,no,98535,10618,109153
Liberia,Africa,LBR,Sinoe,0.522699743,0.264608715,0.47855177,no,119644,24689,144333
Liberia,Africa,LBR,River_Gee,0.558384572,0.509385893,0.555943639,no,110952,5817,116769
Liberia,Africa,LBR,Grand_Kru,0.515012948,0.440915346,0.51155014,no,69680,3416,73096
Liberia,Africa,LBR,Maryland,0.530328727,0.445661067,0.482673812,no,93932,120940,214872
Madagascar,Africa,MDG,Antsiranana,0.092154143,0.096094775,0.093483889,yes,1531460,779985,2311445
Madagascar,Africa,MDG,Mahajanga,0.083843313,0.067596617,0.080246277,yes,3158062,898021,4056083
Madagascar,Africa,MDG,Toamasina,0.102993859,0.114313662,0.10629255,yes,2827096,1162646,3989742
Madagascar,Africa,MDG,Antananarivo,0.064584712,0.05698381,0.059092937,yes,2516122,6551512,9067634
Madagascar,Africa,MDG,Toliary,0.101119587,0.070006461,0.094547119,yes,3910398,1047281,4957679
Madagascar,Africa,MDG,Fianarantsoa,0.125062257,0.102319214,0.117065861,yes,4088486,2216989,6305475
Mali,Africa,MLI,Timbuktu,0.13241887,0.125619247,0.130708441,no,816358,274370,1090728
Mali,Africa,MLI,Kidal,0.107394501,0.105925918,0.107338434,no,124053,4924,128977
Mali,Africa,MLI,Gao,0.143806531,0.125849357,0.139043988,no,665466,240197,905663
Mali,Africa,MLI,Mopti,0.194077679,0.192223292,0.193635744,no,2169662,678853,2848515
Mali,Africa,MLI,Kayes,0.145806716,0.114323369,0.137406701,no,2170596,789879,2960475
Mali,Africa,MLI,Segou,0.221320664,0.192978266,0.208479144,no,1865970,1545841,3411811
Mali,Africa,MLI,Koulikoro,0.189450926,0.136860444,0.158230352,no,2177312,3180965,5358277
Mali,Africa,MLI,Sikasso,0.239305555,0.199931123,0.224532992,no,2558870,1536512,4095382
Mali,Africa,MLI,Bamako,0,0.097482986,0.097482986,no,0,2848782,2848782
Mozambique,Africa,MOZ,Cabo_Delgado,0.314631072,0.273825089,0.302114367,no,1694836,749887,2444723
Mozambique,Africa,MOZ,Nassa,0.274333306,0.243357507,0.263860757,no,1595579,814982,2410561
Mozambique,Africa,MOZ,Nampula,0.308437134,0.257161412,0.28672553,no,3879389,2848986,6728375
Mozambique,Africa,MOZ,Tete,0.253538811,0.21912812,0.244473922,no,2864368,1024437,3888805
Mozambique,Africa,MOZ,Zambezia,0.340357962,0.289009946,0.327497186,no,4774449,1595415,6369864
Mozambique,Africa,MOZ,Manica,0.223393951,0.189001084,0.211572813,no,1716789,899107,2615896
Mozambique,Africa,MOZ,Sofala,0.314216642,0.278353734,0.300956544,no,1632441,957683,2590124
Mozambique,Africa,MOZ,Inhambane,0.284054961,0.245604361,0.275120088,no,1268821,384092,1652913
Mozambique,Africa,MOZ,Gaza,0.313608148,0.325589106,0.318955447,no,950493,766179,1716672
Mozambique,Africa,MOZ,Maputo,0.249548473,0.243921903,0.24599702,no,443752,759458,1203210
Mozambique,Africa,MOZ,Maputo_City,0.283833084,0.255765678,0.256027079,no,25634,2726770,2752404
Malawi,Africa,MWI,Chitipa,0.122321479,0.12034332,0.122095665,no,271348,34967,306315
Malawi,Africa,MWI,Karonga,0.117616985,0.112510636,0.116863624,no,387057,66987,454044
Malawi,Africa,MWI,Rumphi,0.111435526,0.10418468,0.11074574,no,246934,25961,272895
Malawi,Africa,MWI,Nkhata_Bay,0.174149289,0,0.174149289,no,347987,0,347987
Malawi,Africa,MWI,Mzimba,0.155681625,0.135028311,0.152081109,no,1186392,250494,1436886
Malawi,Africa,MWI,Likoma,0.146115661,0,0.146115661,no,7513,0,7513
Malawi,Africa,MWI,Nkhotakota,0.142362832,0.142733112,0.142380188,no,450211,22141,472352
Malawi,Africa,MWI,Kasungu,0.18842231,0.175232707,0.187547766,no,918845,65251,984096
Malawi,Africa,MWI,Ntchisi,0.187575473,0,0.187575473,no,347648,0,347648
Malawi,Africa,MWI,Dowa,0.191427114,0.191012695,0.191414336,no,890574,28334,918908
Malawi,Africa,MWI,Mchinji,0.20394297,0.202940285,0.203904997,no,731360,28788,760148
Malawi,Africa,MWI,Salima,0.200227898,0.203702636,0.200607255,no,493874,60527,554401
Malawi,Africa,MWI,Dedza,0.170908183,0,0.170908183,no,955008,0,955008
Malawi,Africa,MWI,Mangochi,0.204001627,0.171430218,0.202360072,no,1196925,63525,1260450
Malawi,Africa,MWI,Lilongwe,0.179285474,0.156349612,0.168853469,no,2007236,1674643,3681879
Malawi,Africa,MWI,Ntcheu,0.203657517,0.215486661,0.204041146,no,694079,23264,717343
Malawi,Africa,MWI,Machinga,0.208951054,0.203052182,0.208730191,no,788551,30673,819224
Malawi,Africa,MWI,Balaka,0.213250098,0.211105176,0.213002447,no,437432,57098,494530
Malawi,Africa,MWI,Zomba,0.200127389,0.179805411,0.197287725,no,815431,132451,947882
Malawi,Africa,MWI,Neno,0.223024552,0,0.223024552,no,187174,0,187174
Malawi,Africa,MWI,Blantyre,0.223354998,0.190797652,0.20012189,no,439037,1093944,1532981
Malawi,Africa,MWI,Mwanza,0.218669534,0.221047282,0.219104126,no,140110,31336,171446
Malawi,Africa,MWI,Phalombe,0.174709348,0.155131042,0.173743352,no,439954,22834,462788
Malawi,Africa,MWI,Chiradzulu,0.195956194,0.199336901,0.196321127,no,394074,47686,441760
Malawi,Africa,MWI,Mulanje,0.182009234,0.170235585,0.181339005,no,696062,42016,738078
Malawi,Africa,MWI,Chikwawa,0.243826861,0.225736365,0.243182149,no,638314,23589,661903
Malawi,Africa,MWI,Thyolo,0.2343755,0.22065056,0.232404632,no,791965,132793,924758
Malawi,Africa,MWI,Nsanje,0.269636405,0.230071172,0.269636405,no,336729,0,336729
Niger,Africa,NER,Agadez,0.090712196,0.08071252,0.090573942,no,762211,10686,772897
Niger,Africa,NER,Tahoua,0.159175833,0.158338036,0.159110669,no,5320564,448737,5769301
Niger,Africa,NER,Diffa,0.136602813,0.123182863,0.136383348,no,999546,16618,1016164
Niger,Africa,NER,Zinder,0.187458403,0.18205015,0.186356931,no,4832822,1236008,6068830
Niger,Africa,NER,Tillabery,0.161898789,0.140843845,0.160082165,no,4063567,383712,4447279
Niger,Africa,NER,Maradi,0.191545528,0.167177352,0.185998502,no,4125538,1215891,5341429
Niger,Africa,NER,Dosso,0.180154323,0.170282935,0.17961661,no,2802775,161468,2964243
Niger,Africa,NER,Niamey,0.123105244,0.116293159,0.116343844,no,9891,1319443,1329334
Sierra Leone,Africa,SLE,Northern,0.350902797,0.279500352,0.333651166,no,2227692,709709,2937401
Sierra Leone,Africa,SLE,Eastern,0.438577822,0.353172184,0.406408925,no,1200787,725589,1926376
Sierra Leone,Africa,SLE,Western,0.336135205,0.211942706,0.216038929,no,65716,1926713,1992429
Sierra Leone,Africa,SLE,Southern,0.342987684,0.259986768,0.317666795,no,1409300,618667,2027967
Chad,Africa,TCD,Tibesti,0.074848756,0,0.074848756,yes,52011,0,52011
Chad,Africa,TCD,Borkou,0.07530175,0,0.07530175,yes,290864,0,290864
Chad,Africa,TCD,Ennedi_Ouest,0.082675347,0,0.082675347,yes,126304,0,126304
Chad,Africa,TCD,Ennedi_Est,0.085344453,0,0.085344453,yes,315216,0,315216
Chad,Africa,TCD,Kanem,0.13491959,0.132558248,0.13486736,yes,588080,13302,601382
Chad,Africa,TCD,Barh_el_Ghazel,0.139153866,0.15225469,0.13951129,yes,474048,13296,487344
Chad,Africa,TCD,Batha,0.129122372,0.125938779,0.129100228,yes,767261,5374,772635
Chad,Africa,TCD,Wadi_Fira,0.089704885,0.087991904,0.089704885,yes,1150254,0,1150254
Chad,Africa,TCD,Lac,0.161073594,0.15251308,0.159292313,yes,555935,146075,702010
Chad,Africa,TCD,Ouaddai,0.118707272,0.114382644,0.11837985,yes,1200193,98311,1298504
Chad,Africa,TCD,Hadjer_Lamis,0.153676688,0.145417651,0.152939448,yes,806642,79062,885704
Chad,Africa,TCD,Guera,0.153568986,0.115070881,0.153328196,yes,873220,5496,878716
Chad,Africa,TCD,Sila,0.141009311,0.147545016,0.141009311,yes,703033,0,703033
Chad,Africa,TCD,Chari_Baguirmi,0.16059851,0.135100529,0.154652281,yes,803258,244293,1047551
Chad,Africa,TCD,Ville_de_N'Djamena,0.14508624,0.117250713,0.117347795,yes,5036,1438898,1443934
Chad,Africa,TCD,Salamat,0.201402762,0.201242699,0.201400978,yes,466098,5253,471351
Chad,Africa,TCD,Mayo_Kebbi_Est,0.204677714,0.19926851,0.202238078,yes,668038,548824,1216862
Chad,Africa,TCD,Moyen_Chari,0.207827748,0.185414541,0.205827503,yes,837176,82034,919210
Chad,Africa,TCD,Tandjile,0.12607244,0.122632331,0.124648769,yes,570441,402750,973191
Chad,Africa,TCD,Mayo_Kebbi_Ouest,0.217490925,0.250012253,0.224434063,yes,675810,183447,859257
Chad,Africa,TCD,Mandoul,0.166379136,0.142064195,0.159614259,yes,706659,272390,979049
Chad,Africa,TCD,Logone_Occidental,0.112394301,0.110177914,0.111124807,yes,410909,550903,961812
Chad,Africa,TCD,Logone_Oriental,0.158225441,0.134784622,0.14993611,yes,919914,503282,1423196
Nigeria,Africa,NGA,Sokoto,0.260224545,0.223878784,0.246648062,no,3610815,2152996,5763811
Nigeria,Africa,NGA,Borno,0.237261337,0.178968131,0.221282427,no,4899294,1850093,6749387
Nigeria,Africa,NGA,Yobe,0.2936897,0.266804083,0.28821218,no,2982365,763074,3745439
Nigeria,Africa,NGA,Katsina,0.282040494,0.257451546,0.271107124,no,5010312,4011518,9021830
Nigeria,Africa,NGA,Kebbi,0.319573408,0.292586111,0.313524451,no,3888103,1123249,5011352
Nigeria,Africa,NGA,Zamfara,0.341245099,0.333081607,0.339401247,no,3866555,1128127,4994682
Nigeria,Africa,NGA,Jigawa,0.269008869,0.244389517,0.26133245,no,4514922,2045598,6560520
Nigeria,Africa,NGA,Kano,0.257948153,0.236383289,0.242359155,no,4320835,11271585,15592420
Nigeria,Africa,NGA,Bauchi,0.282817976,0.268046898,0.279320664,no,5580454,1731151,7311605
Nigeria,Africa,NGA,Kaduna,0.281122738,0.223772571,0.256509451,no,5439471,4089677,9529148
Nigeria,Africa,NGA,Niger,0.298680079,0.25810129,0.28770773,no,4629491,1715721,6345212
Nigeria,Africa,NGA,Gombe,0.26132536,0.226950892,0.250250331,no,2547431,1210882,3758313
Nigeria,Africa,NGA,Adamawa,0.277517729,0.240176078,0.263331333,no,2943653,1803471,4747124
Nigeria,Africa,NGA,Plateau,0.233705165,0.174504262,0.211246118,no,3028019,1850925,4878944
Nigeria,Africa,NGA,Kwara,0.276410316,0.201088846,0.245693922,no,2168568,1493341,3661909
Nigeria,Africa,NGA,Taraba,0.316134378,0.280294783,0.311175376,no,2906461,466738,3373199
Nigeria,Africa,NGA,Federal_Capital_Territory,0.271790509,0.233016423,0.241195731,no,1091384,4082332,5173716
Nigeria,Africa,NGA,Nasarawa,0.284348335,0.25250695,0.276783166,no,2140829,667144,2807973
Nigeria,Africa,NGA,Oyo,0.337527346,0.226904333,0.268909363,no,3499865,5717260,9217125
Nigeria,Africa,NGA,Kogi,0.276918804,0.229707329,0.260715673,no,3312896,1731124,5044020
Nigeria,Africa,NGA,Benue,0.311454136,0.252426833,0.293955048,no,4558360,1920794,6479154
Nigeria,Africa,NGA,Osun,0.341194519,0.246734382,0.275515924,no,1704934,3890607,5595541
Nigeria,Africa,NGA,Ekiti,0.367868326,0.304568341,0.321871642,no,1033056,2746132,3779188
Nigeria,Africa,NGA,Ogun,0.322636858,0.202222448,0.243328931,no,2191817,4228736,6420553
Nigeria,Africa,NGA,Ondo,0.341252881,0.279292422,0.308361795,no,2546880,2881715,5428595
Nigeria,Africa,NGA,Edo,0.285335802,0.22468163,0.256318732,no,2558890,2346975,4905865
Nigeria,Africa,NGA,Enugu,0.241035772,0.214289966,0.221931132,no,1466551,3666709,5133260
Nigeria,Africa,NGA,Cross_River,0.333523415,0.274917693,0.311857956,no,2759259,1618305,4377564
Nigeria,Africa,NGA,Ebonyi,0.284799504,0.254579728,0.265101108,no,1172574,2195323,3367897
Nigeria,Africa,NGA,Anambra,0.233851712,0.217312792,0.21868967,no,538369,5928465,6466834
Nigeria,Africa,NGA,Lagos,0.221125447,0.117723085,0.1214523,no,550415,14711299,15261714
Nigeria,Africa,NGA,Delta,0.213447465,0.160802936,0.183156701,no,2862730,3879180,6741910
Nigeria,Africa,NGA,Abia,0.36609953,0.314763273,0.323662338,no,780758,3723220,4503978
Nigeria,Africa,NGA,Imo,0.263416265,0.333007053,0.327011473,no,572516,6072686,6645202
Nigeria,Africa,NGA,Rivers,0.311456528,0.270298435,0.277977212,no,1620964,7067371,8688335
Nigeria,Africa,NGA,Akwa_Ibom,0.347361217,0.334838739,0.336202961,no,719299,5883297,6602596
Nigeria,Africa,NGA,Bayelsa,0.282668205,0.205582239,0.25791247,no,1879313,889042,2768355
Togo,Africa,TGO,Savanes,0.172361143,0.142472426,0.166854709,no,1002070,226305,1228375
Togo,Africa,TGO,Kara,0.234615428,0.206476875,0.232094949,no,897621,88314,985935
Togo,Africa,TGO,Centre,0.269585969,0.248387618,0.263791454,no,640388,240897,881285
Togo,Africa,TGO,Plateaux,0.272124358,0.229043429,0.266925487,no,1623278,222776,1846054
Togo,Africa,TGO,Maritime,0.21817893,0.156066866,0.168922135,no,872358,3342564,4214922
Tanzania,Africa,TZA,Kagera,0.124693618,0.108766775,0.121462143,no,2732560,695545,3428105
Tanzania,Africa,TZA,Mara,0.131952904,0.119269824,0.128479592,no,1877850,708200,2586050
Tanzania,Africa,TZA,Mwanza,0.08122646,0.062754847,0.071944774,no,2091097,2111976,4203073
Tanzania,Africa,TZA,Arusha,0.067123574,0.079941792,0.073705505,no,1279181,1350079,2629260
Tanzania,Africa,TZA,Simiyu,0.069580981,0.067713448,0.06936789,no,2134466,274918,2409384
Tanzania,Africa,TZA,Geita,0.111080232,0.1037156,0.108956812,no,2115883,857227,2973110
Tanzania,Africa,TZA,Kigoma,0.138353749,0.10454208,0.12915256,no,2270010,848695,3118705
Tanzania,Africa,TZA,Kilimanjaro,0.083363943,0.102190922,0.094117496,no,1010923,1346518,2357441
Tanzania,Africa,TZA,Shinyanga,0.12661199,0.108154518,0.122422039,no,1671342,490824,2162166
Tanzania,Africa,TZA,Manyara,0.057941997,0.056770095,0.057773732,no,1872292,313901,2186193
Tanzania,Africa,TZA,Singida,0.066246331,0.053784035,0.064852915,no,1702495,214320,1916815
Tanzania,Africa,TZA,Tabora,0.160458915,0.128567361,0.156235013,no,2981318,455145,3436463
Tanzania,Africa,TZA,Tanga,0.109606318,0.084323179,0.101710308,no,2041001,926879,2967880
Tanzania,Africa,TZA,Dodoma,0.079224271,0.089878967,0.080929446,no,2432719,463512,2896231
Tanzania,Africa,TZA,Kaskazini_Pemba,0.054569188,0.047953113,0.050028495,no,94729,207256,301985
Tanzania,Africa,TZA,Katavi,0.105468734,0.082764872,0.101894733,no,720035,134523,854558
Tanzania,Africa,TZA,Kusini_Pemba,0.059445667,0.05246391,0.055171039,no,101460,160208,261668
Tanzania,Africa,TZA,Kaskazini_Unguja,0.056572177,0.059108007,0.058554048,no,67432,241248,308680
Tanzania,Africa,TZA,Morogoro,0.111954938,0.094068249,0.106911394,no,2312031,907942,3219973
Tanzania,Africa,TZA,Pwani,0.115142178,0.113207937,0.114505406,no,1140157,559566,1699723
Tanzania,Africa,TZA,Mjini_Magharibi,0.076397017,0.061178699,0.06153607,no,25970,1079940,1105910
Tanzania,Africa,TZA,Kusini_Unguja,0.067495501,0.071168329,0.067495501,no,142354,0,142354
Tanzania,Africa,TZA,Dar_es_Salaam,0.121652058,0.092957147,0.09324179,no,88141,8797362,8885503
Tanzania,Africa,TZA,Rukwa,0.061967507,0.052801924,0.060740812,no,1331340,205715,1537055
Tanzania,Africa,TZA,Mbeya,0.091180787,0.075005663,0.083645232,no,1346325,1174284,2520609
Tanzania,Africa,TZA,Iringa,0.081871451,0.063460275,0.077423443,no,945937,301331,1247268
Tanzania,Africa,TZA,Songwe,0.067449914,0.070207003,0.068049558,no,1182327,328618,1510945
Tanzania,Africa,TZA,Lindi,0.166707509,0.151213244,0.165097352,no,978648,113495,1092143
Tanzania,Africa,TZA,Njombe,0.091095313,0.074933081,0.089165457,no,765995,103866,869861
Tanzania,Africa,TZA,Ruvuma,0.112773711,0.102137926,0.110420417,no,1505082,427637,1932719
Tanzania,Africa,TZA,Mtwara,0.178022511,0.146856677,0.17237962,no,1355646,299721,1655367
Uganda,Africa,UGA,Kotido,0.225938822,0.225938822,0.225938822,no,590263,0,590263
Uganda,Africa,UGA,Kitgum,0.300203366,0.276530032,0.296982216,no,386275,60837,447112
Uganda,Africa,UGA,Yumbe,0.374792219,0.384015911,0.377374842,no,569729,221560,791289
Uganda,Africa,UGA,Moyo,0.3054111,0.331299096,0.3054111,no,147297,0,147297
Uganda,Africa,UGA,Arua,0.407197296,0.384635947,0.400791781,no,1174161,465535,1639696
Uganda,Africa,UGA,Adjumani,0.319579725,0.302975074,0.317073897,no,240321,42713,283034
Uganda,Africa,UGA,Gulu,0.358522001,0.279326631,0.340659551,no,905879,263826,1169705
Uganda,Africa,UGA,Pader,0.304033179,0,0.304033179,no,524891,0,524891
Uganda,Africa,UGA,Moroto,0.180497395,0.12153592,0.174912256,no,313436,32797,346233
Uganda,Africa,UGA,Nebbi,0.389459764,0.368184252,0.386259884,no,720454,127540,847994
Uganda,Africa,UGA,Lira,0.260126646,0.20841729,0.253537554,no,1260015,184005,1444020
Uganda,Africa,UGA,Apac,0.354710318,0.326701552,0.354710318,no,1372162,0,1372162
Uganda,Africa,UGA,Nakapiripirit,0.190893155,0,0.190893155,no,409760,0,409760
Uganda,Africa,UGA,Katakwi,0.281556869,0,0.281556869,no,591573,0,591573
Uganda,Africa,UGA,Masindi,0.326845076,0.31271955,0.324860736,no,798917,130574,929491
Uganda,Africa,UGA,Lake_Albert,0.222110214,0,0.222110214,no,33215,0,33215
Uganda,Africa,UGA,Kaberamaido,0.236646833,0,0.236646833,no,312197,0,312197
Uganda,Africa,UGA,Soroti,0.259151617,0.258226037,0.259036961,no,732034,103502,835536
Uganda,Africa,UGA,Hoima,0.260285604,0.21040858,0.254743785,no,745595,93198,838793
Uganda,Africa,UGA,Nakasongola,0.286302439,0,0.286302439,no,247228,0,247228
Uganda,Africa,UGA,Kumi,0.303452275,0.314550132,0.304006845,no,778203,40933,819136
Uganda,Africa,UGA,Sironko,0.23044743,0.249103762,0.244478065,no,142379,431863,574242
Uganda,Africa,UGA,Kapchorwa,0.157401844,0.193672569,0.16486365,no,348214,90191,438405
Uganda,Africa,UGA,Kamuli,0.282327859,0.269683776,0.281094858,no,1299215,140384,1439599
Uganda,Africa,UGA,Luwero,0.218654979,0.177914904,0.212453554,no,725067,130186,855253
Uganda,Africa,UGA,Kayunga,0.224227188,0.189783491,0.217375482,no,375959,93359,469318
Uganda,Africa,UGA,Kiboga,0.233273769,0.221232951,0.232763211,no,498556,22076,520632
Uganda,Africa,UGA,Pallisa,0.253299913,0.27641172,0.26028119,no,818567,354275,1172842
Uganda,Africa,UGA,Bundibugyo,0.159698536,0.165950887,0.161359228,no,290893,105209,396102
Uganda,Africa,UGA,Kibale,0.229275114,0.205018893,0.22873032,no,1217228,27967,1245195
Uganda,Africa,UGA,Mbale,0.275105092,0.279433254,0.278718719,no,267503,1352845,1620348
Uganda,Africa,UGA,Iganga,0.272129545,0.250697871,0.266860748,no,1035010,337394,1372404
Uganda,Africa,UGA,Tororo,0.251062422,0.251675712,0.251160077,no,892745,169075,1061820
Uganda,Africa,UGA,Kabarole,0.174473961,0.170500788,0.173728329,no,522349,120674,643023
Uganda,Africa,UGA,Kyenjojo,0.205863318,0.203110359,0.205767404,no,1051439,37955,1089394
Uganda,Africa,UGA,Mubende,0.191994725,0.154262114,0.18706142,no,1243850,187086,1430936
Uganda,Africa,UGA,Mukono,0.190944098,0.164241593,0.17837712,no,883657,785602,1669259
Uganda,Africa,UGA,Bugiri,0.269332621,0.228692167,0.264136054,no,682009,99992,782001
Uganda,Africa,UGA,Jinja,0.219086337,0.191161567,0.204087062,no,270573,313984,584557
Uganda,Africa,UGA,Kamwenge,0.186151724,0,0.186151724,no,597124,0,597124
Uganda,Africa,UGA,Wakiso,0.17444844,0.136934351,0.141059799,no,402649,3258774,3661423
Uganda,Africa,UGA,Mayuge,0.269205369,0.26346043,0.267467319,no,433635,188096,621731
Uganda,Africa,UGA,Masaka,0.13748954,0.114576963,0.133050654,no,935228,224718,1159946
Uganda,Africa,UGA,Busia,0.345557634,0.346906495,0.345974622,no,313961,140489,454450
Uganda,Africa,UGA,Lake_Victoria,0.244857103,0.142288445,0.215894197,no,341808,134497,476305
Uganda,Africa,UGA,Kasese,0.121610061,0.125423564,0.122956855,no,606579,331185,937764
Uganda,Africa,UGA,Mpigi,0.151551098,0.139655175,0.150759879,no,615600,43862,659462
Uganda,Africa,UGA,Kampala,0,0.114930396,0.114930396,no,0,1996244,1996244
Uganda,Africa,UGA,Sembabule,0.162042499,0.147285342,0.161121371,no,311200,20718,331918
Uganda,Africa,UGA,Mbarara,0.134300232,0.100465558,0.1305593,no,1874075,232965,2107040
Uganda,Africa,UGA,Rakai,0.130257843,0.134061431,0.130564385,no,711997,62412,774409
Uganda,Africa,UGA,Bushenyi,0.134925316,0.145358958,0.135160085,no,1087051,25023,1112074
Uganda,Africa,UGA,Kalangala,0.188701899,0,0.188701899,no,42392,0,42392
Uganda,Africa,UGA,Rukungiri,0.118320733,0.117534004,0.118241283,no,341601,38373,379974
Uganda,Africa,UGA,Kanungu,0.11100343,0.106094487,0.11100343,no,318063,0,318063
Uganda,Africa,UGA,Ntungamo,0.098622184,0.111678107,0.098622184,no,612364,0,612364
Uganda,Africa,UGA,Kabale,0.073404061,0,0.063179879,no,566310,91644,657954
Uganda,Africa,UGA,Kisoro,0.099981687,0,0.058324215,no,211268,150896,362164
Zambia,Africa,ZMB,Northern,0.142125268,0.11073301,0.13695225,no,1426873,281520,1708393
Zambia,Africa,ZMB,Luapula,0.214531938,0.197644392,0.20795696,no,1150118,733280,1883398
Zambia,Africa,ZMB,Muchinga,0.11221294,0.092358966,0.107842389,no,892172,251836,1144008
Zambia,Africa,ZMB,North_Western,0.254199341,0.205137101,0.247534059,no,1005621,158095,1163716
Zambia,Africa,ZMB,Eastern,0.146400917,0.143617216,0.145493908,no,1621001,783433,2404434
Zambia,Africa,ZMB,Central,0.181442623,0.168462272,0.17770617,no,1458926,589709,2048635
Zambia,Africa,ZMB,Copperbelt,0.160904518,0.089938863,0.102567509,no,528886,2443146,2972032
Zambia,Africa,ZMB,Western,0.132942132,0.111514297,0.130086977,no,1025911,157712,1183623
Zambia,Africa,ZMB,Lusaka,0.125391919,0.098001513,0.100740096,no,418779,3769711,4188490
Zambia,Africa,ZMB,Southern,0.112959785,0.105697022,0.110898326,no,1541921,611117,2153038
Central African Republic,Africa,CAF,Vakaga,0.183160512,0,0.183160512,yes,78776,0,78776
Central African Republic,Africa,CAF,Bamingui_Bangoran,0.22700867,0.174397647,0.224636056,yes,61596,2909,64505
Central African Republic,Africa,CAF,Haute_Kotto,0.288304032,0.212543494,0.278988415,yes,116155,16285,132440
Central African Republic,Africa,CAF,Ouham,0.24306839,0.209030506,0.233244283,yes,392427,159217,551644
Central African Republic,Africa,CAF,Nana_Grebizi,0.269598591,0.212552659,0.250361495,yes,114957,58490,173447
Central African Republic,Africa,CAF,Haut_Mbomou,0.34273596,0.314846543,0.337610442,yes,68307,15380,83687
Central African Republic,Africa,CAF,Ouham_Pende,0.190965767,0.170352013,0.185262155,yes,460348,176098,636446
Central African Republic,Africa,CAF,Ouaka,0.370804389,0.327334527,0.357495604,yes,280995,123991,404986
Central African Republic,Africa,CAF,Nana_Mambere,0.26179132,0.208552618,0.246081657,yes,239761,100364,340125
Central African Republic,Africa,CAF,Mbomou,0.332772259,0.294363005,0.318829315,yes,151252,86196,237448
Central African Republic,Africa,CAF,Kemo,0.340145992,0.300969073,0.32648541,yes,113046,60521,173567
Central African Republic,Africa,CAF,Ombella_M'Poko,0.370267294,0.398986711,0.391395474,yes,237956,662287,900243
Central African Republic,Africa,CAF,Basse_Kotto,0.40279764,0.385362431,0.39773691,yes,254699,104163,358862
Central African Republic,Africa,CAF,Mambere_Kadei,0.365413233,0.332355718,0.353632732,yes,344384,190676,535060
Central African Republic,Africa,CAF,Lobaye,0.411306298,0.413248671,0.411984854,yes,236546,127004,363550
Central African Republic,Africa,CAF,Bangui,0,0.330501949,0.330501949,yes,0,638488,638488
Central African Republic,Africa,CAF,Sangha_Mbaere,0.354051606,0.298094979,0.334629615,yes,100127,53228,153355
Equatorial Guinea,Africa,GNQ,Bioko_Norte,0,0.134871372,0.134378219,no,1642,447425,449067
Equatorial Guinea,Africa,GNQ,Bioko_Sur,0.146229656,0.131825877,0.143183979,no,38333,10279,48612
Equatorial Guinea,Africa,GNQ,Litoral,0.247828746,0.229517185,0.232488349,no,85344,440639,525983
Equatorial Guinea,Africa,GNQ,Centro_Sur,0.282959765,0.271185149,0.282253945,no,178965,11412,190377
Equatorial Guinea,Africa,GNQ,Kie_Ntem,0.367382427,0.301577936,0.305801504,no,16443,239744,256187
Equatorial Guinea,Africa,GNQ,Wele_Nzas,0.299052275,0.281452405,0.289156948,no,114324,146832,261156
Equatorial Guinea,Africa,GNQ,Annobon,0,0,0,no,638,2679,3317
South Sudan,Africa,SSD,Upper_Nile,0.135538662,0.122524344,0.133889664,yes,898971,130432,1029403
South Sudan,Africa,SSD,West_Bahr_al_Ghazal,0.214844246,0,0.214844246,yes,222158,0,222158
South Sudan,Africa,SSD,Unity,0.132227909,0.132227909,0.132227909,yes,628301,0,628301
South Sudan,Africa,SSD,North_Bahr_al_Ghazal,0.139312944,0.139312944,0.139312944,yes,567552,0,567552
South Sudan,Africa,SSD,Jungoli,0.166698339,0.166698339,0.166698339,yes,1359663,0,1359663
South Sudan,Africa,SSD,Warap,0.152784398,0.152784398,0.152784398,yes,691793,0,691793
South Sudan,Africa,SSD,Lakes,0.186198269,0.186198269,0.186198269,yes,592882,0,592882
South Sudan,Africa,SSD,West_Equatoria,0.39392248,0.39392248,0.39392248,yes,624134,0,624134
South Sudan,Africa,SSD,Central_Equatoria,0.312257522,0.387813358,0.324854538,yes,1054775,211043,1265818
South Sudan,Africa,SSD,Eastern_Equatoria,0.240962195,0.307932062,0.274057352,yes,2123987,2075108,4199095
